X1,X2,X3,X4,X5, X_c4h10, ch4_uptake, c2h6_uptake, c3h8_uptake, c4h10_uptake,y
10,200,0.1,0.2,0.3,0.4,0.0003,0.12984,13.49446,58.1394,1.57085E-05
10,200,0.1,0.1,0.2,0.6,0.00028,0.05434,7.23202,65.40784,1.92154E-05
10,200,0.15,0.35,0.2,0.3,0.00088,0.25684,9.65538,47.1462,2.84562E-05
10,200,0.15,0.3,0.35,0.2,0.00142,0.17422,12.09692,19.0162,7.26951E-05
10,200,0.2,0.1,0.3,0.4,0.00088,0.0625,13.12306,58.15862,2.31866E-05
10,200,0.22,0.28,0.25,0.25,0.00174,0.1892,10.57308,32.93324,4.52722E-05
10,200,0.2,0.4,0.1,0.3,0.00124,0.29058,5.203,49.14234,2.86289E-05
10,200,0.25,0.25,0.25,0.25,0.00156,0.18434,12.39644,41.1193,2.90502E-05
10,200,0.25,0.2,0.25,0.3,0.0014,0.14768,12.82838,51.12952,2.51704E-05
10,200,0.28,0.22,0.3,0.2,0.0022,0.1257,10.4734,18.87982,6.04946E-05
10,200,0.3,0.2,0.1,0.4,0.00138,0.13966,4.82996,63.14196,2.2238E-05
10,200,0.3,0.3,0.2,0.2,0.00252,0.14932,6.88864,15.6363,7.42558E-05
10,200,0.33,0.33,0.2,0.14,0.00244,0.14562,6.82948,9.2414,7.34994E-05
10,200,0.33,0.17,0.3,0.2,0.00316,0.0925,10.1101,17.84176,7.75659E-05
10,200,0.4,0.1,0.15,0.35,0.00224,0.07368,7.78516,59.0917,2.52854E-05
10,200,0.4,0.1,0.3,0.2,0.00306,0.05324,9.95264,16.56958,6.56338E-05
10,220,0.1,0.2,0.3,0.4,0.00028,0.03746,4.79512,4.54188,0.000101723
10,220,0.1,0.1,0.2,0.6,0.00036,0.01794,3.03796,6.96564,0.000133439
10,220,0.15,0.35,0.2,0.3,0.0005,0.08738,4.4849,4.2629,9.03739E-05
10,220,0.15,0.3,0.35,0.2,0.00042,0.0635,6.22872,2.48292,9.20368E-05
10,220,0.2,0.1,0.3,0.4,0.00062,0.01962,4.60274,4.67052,0.000113908
10,220,0.22,0.28,0.25,0.25,0.00076,0.0671,5.20864,3.50222,9.84676E-05
10,220,0.2,0.4,0.1,0.3,0.0007,0.13092,2.90552,5.6939,7.23706E-05
10,220,0.25,0.25,0.25,0.25,0.0008,0.057,5.2642,3.4537,9.11691E-05
10,220,0.25,0.2,0.25,0.3,0.0008,0.04464,4.75728,4.09094,9.72976E-05
10,220,0.28,0.22,0.3,0.2,0.00098,0.04722,5.81974,2.84644,0.00010341
10,220,0.3,0.2,0.1,0.4,0.0008,0.04958,2.44538,6.51312,6.50652E-05
10,220,0.3,0.3,0.2,0.2,0.00104,0.08012,4.9957,3.49128,8.11828E-05
10,220,0.33,0.33,0.2,0.14,0.00074,0.09772,5.7107,2.62356,4.71203E-05
10,220,0.33,0.17,0.3,0.2,0.00094,0.03474,5.88934,2.75416,8.47605E-05
10,220,0.4,0.1,0.15,0.35,0.00152,0.02228,3.44242,5.45086,9.80743E-05
10,220,0.4,0.1,0.3,0.2,0.00132,0.02248,6.02308,2.6259,9.87101E-05
10,240,0.1,0.2,0.3,0.4,0.00014,0.04878,4.52146,3.31626,5.93067E-05
10,240,0.1,0.1,0.2,0.6,0.00022,0.02338,3.12442,4.83842,9.19735E-05
10,240,0.15,0.35,0.2,0.3,0.00034,0.12188,4.25624,3.30068,6.94621E-05
10,240,0.15,0.3,0.35,0.2,0.0004,0.08624,5.97094,1.74304,0.000102318
10,240,0.2,0.1,0.3,0.4,0.0005,0.02418,4.71504,3.16798,0.000104696
10,240,0.22,0.28,0.25,0.25,0.00048,0.08858,5.03846,2.57964,7.08641E-05
10,240,0.2,0.4,0.1,0.3,0.00066,0.18438,2.91046,4.40746,7.45643E-05
10,240,0.25,0.25,0.25,0.25,0.0004,0.08166,5.04922,2.59694,5.1761E-05
10,240,0.25,0.2,0.25,0.3,0.00048,0.06282,4.7624,2.92204,6.59707E-05
10,240,0.28,0.22,0.3,0.2,0.00054,0.0674,5.64898,1.98258,6.63898E-05
10,240,0.3,0.2,0.1,0.4,0.0006,0.08614,2.5718,4.90556,5.20662E-05
10,240,0.3,0.3,0.2,0.2,0.00074,0.12148,4.96798,2.4561,6.57334E-05
10,240,0.33,0.33,0.2,0.14,0.0008,0.14418,5.40568,1.9039,5.90349E-05
10,240,0.33,0.17,0.3,0.2,0.00056,0.04818,5.64084,2.03746,5.79695E-05
10,240,0.4,0.1,0.15,0.35,0.0012,0.03506,3.45242,4.13722,8.52579E-05
10,240,0.4,0.1,0.3,0.2,0.00062,0.02902,5.72136,1.97856,5.29838E-05
10,260,0.1,0.2,0.3,0.4,0.00014,0.06354,3.6907,2.11072,7.82261E-05
10,260,0.1,0.1,0.2,0.6,0.00014,0.034,2.64992,3.14426,7.43493E-05
10,260,0.15,0.35,0.2,0.3,0.00042,0.1387,3.1843,2.00918,0.00012166
10,260,0.15,0.3,0.35,0.2,0.00032,0.10292,4.53784,1.08772,0.000113796
10,260,0.2,0.1,0.3,0.4,0.00044,0.03134,3.76684,2.07556,0.000121827
10,260,0.22,0.28,0.25,0.25,0.00064,0.10672,3.71998,1.57424,0.000134942
10,260,0.2,0.4,0.1,0.3,0.00068,0.19366,1.98118,2.4058,0.000120076
10,260,0.25,0.25,0.25,0.25,0.00056,0.09272,3.69662,1.59164,0.00010407
10,260,0.25,0.2,0.25,0.3,0.00072,0.07372,3.66514,1.77792,0.000137434
10,260,0.28,0.22,0.3,0.2,0.00072,0.07592,4.28634,1.20936,0.000124346
10,260,0.3,0.2,0.1,0.4,0.00062,0.09576,1.84714,2.98812,7.82221E-05
10,260,0.3,0.3,0.2,0.2,0.00074,0.12968,3.50178,1.3913,9.90722E-05
10,260,0.33,0.33,0.2,0.14,0.00094,0.15042,3.61352,1.07988,0.000108568
10,260,0.33,0.17,0.3,0.2,0.00068,0.06388,4.31198,1.16476,0.000100162
10,260,0.4,0.1,0.15,0.35,0.00106,0.0396,2.56734,2.4032,0.000108705
10,260,0.4,0.1,0.3,0.2,0.00084,0.03652,4.28324,1.18256,0.000102163
10,280,0.1,0.2,0.3,0.4,0.0001,0.0417,1.72734,0.82062,0.000124722
10,280,0.1,0.1,0.2,0.6,0.00026,0.02358,1.18142,1.22596,0.000317609
10,280,0.15,0.35,0.2,0.3,0.00026,0.08526,1.28468,0.66712,0.00019496
10,280,0.15,0.3,0.35,0.2,0.00018,0.06528,2.02806,0.41666,0.000148233
10,280,0.2,0.1,0.3,0.4,0.00042,0.02066,1.78298,0.79504,0.000258066
10,280,0.22,0.28,0.25,0.25,0.00048,0.0644,1.51976,0.53704,0.000257984
10,280,0.2,0.4,0.1,0.3,0.00054,0.10352,0.68748,0.73014,0.000282208
10,280,0.25,0.25,0.25,0.25,0.00052,0.0577,1.55466,0.52728,0.000243032
10,280,0.25,0.2,0.25,0.3,0.00038,0.0461,1.52342,0.634,0.000180148
10,280,0.28,0.22,0.3,0.2,0.00034,0.04986,1.7865,0.42528,0.000146158
10,280,0.3,0.2,0.1,0.4,0.00044,0.0494,0.66414,0.92314,0.000159485
10,280,0.3,0.3,0.2,0.2,0.00058,0.07256,1.33888,0.4684,0.000208372
10,280,0.33,0.33,0.2,0.14,0.00052,0.0817,1.32688,0.32826,0.000170783
10,280,0.33,0.17,0.3,0.2,0.0005,0.04006,1.84934,0.435,0.000176692
10,280,0.4,0.1,0.15,0.35,0.00076,0.02414,0.95676,0.78864,0.000214131
10,280,0.4,0.1,0.3,0.2,0.00106,0.02384,1.82058,0.433,0.000312795
10,300,0.1,0.2,0.3,0.4,0.00008,0.0182,0.51904,0.21512,0.000339136
10,300,0.1,0.1,0.2,0.6,0.00006,0.00952,0.36414,0.35094,0.000239923
10,300,0.15,0.35,0.2,0.3,0.00016,0.03338,0.37328,0.16994,0.000421901
10,300,0.15,0.3,0.35,0.2,0.00024,0.02814,0.63528,0.11168,0.000648486
10,300,0.2,0.1,0.3,0.4,0.00024,0.0093,0.51458,0.20422,0.000517505
10,300,0.22,0.28,0.25,0.25,0.00022,0.02728,0.45384,0.13768,0.000405925
10,300,0.2,0.4,0.1,0.3,0.00032,0.03984,0.18924,0.16854,0.000626517
10,300,0.25,0.25,0.25,0.25,0.0004,0.024,0.45344,0.14048,0.000647333
10,300,0.25,0.2,0.25,0.3,0.00046,0.02016,0.44266,0.16158,0.000763473
10,300,0.28,0.22,0.3,0.2,0.0004,0.02146,0.54324,0.1209,0.000568507
10,300,0.3,0.2,0.1,0.4,0.00046,0.02134,0.1879,0.23796,0.000594177
10,300,0.3,0.3,0.2,0.2,0.0003,0.0296,0.37218,0.11364,0.000395606
10,300,0.33,0.33,0.2,0.14,0.00036,0.03338,0.37032,0.07788,0.000434792
10,300,0.33,0.17,0.3,0.2,0.00028,0.01634,0.5468,0.1145,0.000340581
10,300,0.4,0.1,0.15,0.35,0.00046,0.01054,0.28048,0.20222,0.000450444
10,300,0.4,0.1,0.3,0.2,0.00048,0.00962,0.55092,0.1161,0.000477498
10,320,0.1,0.2,0.3,0.4,0.00002,0.00754,0.15658,0.05656,0.000285293
10,320,0.1,0.1,0.2,0.6,0.00008,0.00424,0.10446,0.09016,0.001118933
10,320,0.15,0.35,0.2,0.3,0.0001,0.01394,0.10608,0.04556,0.000923239
10,320,0.15,0.3,0.35,0.2,0.00016,0.01146,0.18574,0.02926,0.001491454
10,320,0.2,0.1,0.3,0.4,0.0001,0.00368,0.16092,0.05784,0.000696573
10,320,0.22,0.28,0.25,0.25,0.00024,0.01098,0.13744,0.03586,0.00148947
10,320,0.2,0.4,0.1,0.3,0.0001,0.0165,0.0519,0.04644,0.000699252
10,320,0.25,0.25,0.25,0.25,0.0002,0.00988,0.13232,0.03966,0.001099747
10,320,0.25,0.2,0.25,0.3,0.00014,0.00796,0.13018,0.04552,0.000786237
10,320,0.28,0.22,0.3,0.2,0.00032,0.00802,0.15962,0.02966,0.001594341
10,320,0.3,0.2,0.1,0.4,0.00024,0.00804,0.05278,0.05878,0.001118959
10,320,0.3,0.3,0.2,0.2,0.00024,0.012,0.11062,0.03182,0.001063547
10,320,0.33,0.33,0.2,0.14,0.00044,0.0135,0.10786,0.02214,0.001805824
10,320,0.33,0.17,0.3,0.2,0.00022,0.00678,0.16052,0.03234,0.000904999
10,320,0.4,0.1,0.15,0.35,0.00038,0.00406,0.07892,0.05156,0.001330443
10,320,0.4,0.1,0.3,0.2,0.00048,0.00436,0.16754,0.03088,0.001586322
10,340,0.1,0.2,0.3,0.4,0.00004,0.00346,0.05444,0.0183,0.00163588
10,340,0.1,0.1,0.2,0.6,0,0.00154,0.03534,0.02678,0
10,340,0.15,0.35,0.2,0.3,0.00008,0.0065,0.03488,0.01478,0.002201691
10,340,0.15,0.3,0.35,0.2,0.00014,0.00492,0.05992,0.00896,0.004016064
10,340,0.2,0.1,0.3,0.4,0.00008,0.00184,0.05458,0.0191,0.001612361
10,340,0.22,0.28,0.25,0.25,0.00008,0.0049,0.04584,0.01186,0.001464504
10,340,0.2,0.4,0.1,0.3,0.00006,0.0068,0.01796,0.01396,0.001233891
10,340,0.25,0.25,0.25,0.25,0.00022,0.00456,0.04308,0.01186,0.003697479
10,340,0.25,0.2,0.25,0.3,0.0001,0.00312,0.04426,0.01474,0.001654442
10,340,0.28,0.22,0.3,0.2,0.00016,0.00354,0.0508,0.00948,0.002454335
10,340,0.3,0.2,0.1,0.4,0.00016,0.0034,0.01718,0.0187,0.002264204
10,340,0.3,0.3,0.2,0.2,0.00014,0.00516,0.0385,0.0095,0.001814412
10,340,0.33,0.33,0.2,0.14,0.00016,0.00534,0.03368,0.00622,0.002117146
10,340,0.33,0.17,0.3,0.2,0.00026,0.0031,0.05406,0.01034,0.003149811
10,340,0.4,0.1,0.15,0.35,0.00018,0.00172,0.0273,0.0157,0.00184383
10,340,0.4,0.1,0.3,0.2,0.0003,0.00152,0.05322,0.00922,0.003142019
10,360,0.1,0.2,0.3,0.4,0.00002,0.00172,0.01968,0.00648,0.002212389
10,360,0.1,0.1,0.2,0.6,0.00002,0.00072,0.01392,0.00906,0.002176279
10,360,0.15,0.35,0.2,0.3,0.00006,0.00344,0.01348,0.0058,0.00414242
10,360,0.15,0.3,0.35,0.2,0.00014,0.00284,0.02396,0.00428,0.009396874
10,360,0.2,0.1,0.3,0.4,0.00006,0.0009,0.02024,0.00678,0.003211418
10,360,0.22,0.28,0.25,0.25,0.0001,0.00302,0.01676,0.00492,0.004661731
10,360,0.2,0.4,0.1,0.3,0.00008,0.00372,0.00662,0.00464,0.004397215
10,360,0.25,0.25,0.25,0.25,0.00012,0.00214,0.01692,0.00362,0.005291005
10,360,0.25,0.2,0.25,0.3,0.00008,0.00188,0.01578,0.0047,0.003628666
10,360,0.28,0.22,0.3,0.2,0.00012,0.00206,0.02052,0.00392,0.004401761
10,360,0.3,0.2,0.1,0.4,0.00008,0.00186,0.00678,0.00736,0.002792321
10,360,0.3,0.3,0.2,0.2,0.00016,0.00252,0.01292,0.00404,0.005722461
10,360,0.33,0.33,0.2,0.14,0.00008,0.00266,0.01288,0.002,0.002794634
10,360,0.33,0.17,0.3,0.2,0.00014,0.0014,0.01886,0.00356,0.004772026
10,360,0.4,0.1,0.15,0.35,0.00016,0.00074,0.01002,0.00632,0.004335708
10,360,0.4,0.1,0.3,0.2,0.00022,0.0008,0.01902,0.00378,0.006090808
10,380,0.1,0.2,0.3,0.4,0,0.00104,0.00936,0.00282,0
10,380,0.1,0.1,0.2,0.6,0.00004,0.00038,0.0061,0.00344,0.009991674
10,380,0.15,0.35,0.2,0.3,0.00006,0.00158,0.0059,0.00234,0.009566109
10,380,0.15,0.3,0.35,0.2,0.00004,0.00104,0.01102,0.0014,0.006356413
10,380,0.2,0.1,0.3,0.4,0.00004,0.00042,0.00866,0.00304,0.004918033
10,380,0.22,0.28,0.25,0.25,0.0001,0.00106,0.00708,0.00182,0.011540871
10,380,0.2,0.4,0.1,0.3,0.00002,0.00198,0.00332,0.00192,0.002244669
10,380,0.25,0.25,0.25,0.25,0.00006,0.00088,0.00724,0.0016,0.00617284
10,380,0.25,0.2,0.25,0.3,0.00004,0.00086,0.00726,0.0023,0.003901805
10,380,0.28,0.22,0.3,0.2,0.00014,0.00106,0.0089,0.00158,0.011796668
10,380,0.3,0.2,0.1,0.4,0.00016,0.00118,0.0035,0.00294,0.011053541
10,380,0.3,0.3,0.2,0.2,0.00008,0.00134,0.00596,0.0013,0.006541292
10,380,0.33,0.33,0.2,0.14,0.00018,0.00162,0.00554,0.00096,0.01382079
10,380,0.33,0.17,0.3,0.2,0.00006,0.00084,0.00882,0.00144,0.004376818
10,380,0.4,0.1,0.15,0.35,0.00008,0.0005,0.00428,0.00236,0.004965713
10,380,0.4,0.1,0.3,0.2,0.00004,0.0004,0.00842,0.00108,0.002669039
10,400,0.1,0.2,0.3,0.4,0.00002,0.00052,0.004,0.00152,0.010135135
10,400,0.1,0.1,0.2,0.6,0,0.00024,0.00268,0.0021,0
10,400,0.15,0.35,0.2,0.3,0.00002,0.0011,0.00248,0.00094,0.007139215
10,400,0.15,0.3,0.35,0.2,0,0.00088,0.0046,0.0008,0
10,400,0.2,0.1,0.3,0.4,0.00002,0.0002,0.00434,0.00132,0.005059022
10,400,0.22,0.28,0.25,0.25,0.00002,0.00086,0.0036,0.00076,0.004432119
10,400,0.2,0.4,0.1,0.3,0,0.00088,0.00138,0.00128,0
10,400,0.25,0.25,0.25,0.25,0.00008,0.00066,0.00342,0.00104,0.015625
10,400,0.25,0.2,0.25,0.3,0.00002,0.00042,0.00388,0.00114,0.003734827
10,400,0.28,0.22,0.3,0.2,0.00008,0.00074,0.0039,0.00078,0.014099853
10,400,0.3,0.2,0.1,0.4,0,0.00048,0.00158,0.0014,0
10,400,0.3,0.3,0.2,0.2,0.00002,0.00098,0.00226,0.00076,0.003629764
10,400,0.33,0.33,0.2,0.14,0.0001,0.00086,0.00284,0.00072,0.013806161
10,400,0.33,0.17,0.3,0.2,0.00002,0.0003,0.00424,0.00048,0.003312161
10,400,0.4,0.1,0.15,0.35,0.0001,0.00008,0.00172,0.00112,0.016163793
10,400,0.4,0.1,0.3,0.2,0.00004,0.00018,0.00398,0.0007,0.005385996
10000000,200,0.1,0.2,0.3,0.4,6.8785,18.3461,62.16062,14.60552,0.205055135
10000000,200,0.1,0.1,0.2,0.6,5.57946,9.49008,53.17274,28.34306,0.136750487
10000000,200,0.15,0.35,0.2,0.3,11.77842,36.9009,48.36952,12.53292,0.201829487
10000000,200,0.15,0.3,0.35,0.2,9.42218,25.1778,65.60788,6.41046,0.207015326
10000000,200,0.2,0.1,0.3,0.4,12.1956,9.13382,65.55024,15.40554,0.175046652
10000000,200,0.22,0.28,0.25,0.25,16.9048,28.7646,55.89818,9.52196,0.210860655
10000000,200,0.2,0.4,0.1,0.3,20.72224,53.8635,29.01792,14.824,0.21847321
10000000,200,0.25,0.25,0.25,0.25,16.66368,24.85806,57.69848,10.19824,0.179653059
10000000,200,0.25,0.2,0.25,0.3,16.78628,20.30838,58.77016,12.21046,0.177950798
10000000,200,0.28,0.22,0.3,0.2,17.733,20.56298,63.7448,7.48874,0.184429718
10000000,200,0.3,0.2,0.1,0.4,27.81114,29.06142,33.987,23.00154,0.170825602
10000000,200,0.3,0.3,0.2,0.2,22.48938,33.32778,50.42954,8.60214,0.184527792
10000000,200,0.33,0.33,0.2,0.14,25.70656,37.75282,49.25148,5.6653,0.194199842
10000000,200,0.33,0.17,0.3,0.2,21.2944,17.15044,65.12044,7.20104,0.182305344
10000000,200,0.4,0.1,0.15,0.35,29.3891,13.52372,48.80576,19.28178,0.142471957
10000000,200,0.4,0.1,0.3,0.2,25.94992,10.6591,66.94172,7.80374,0.175932249
10000000,220,0.1,0.2,0.3,0.4,5.46076,17.55114,61.46698,14.18852,0.166427253
10000000,220,0.1,0.1,0.2,0.6,5.83276,10.5925,52.9122,26.21318,0.140828518
10000000,220,0.15,0.35,0.2,0.3,10.17592,36.34098,47.63922,11.65636,0.178111504
10000000,220,0.15,0.3,0.35,0.2,8.4586,25.11272,63.81488,6.31556,0.189475156
10000000,220,0.2,0.1,0.3,0.4,10.42312,9.16438,64.95984,14.7229,0.151066782
10000000,220,0.22,0.28,0.25,0.25,13.0385,26.81932,55.79086,9.62356,0.165806146
10000000,220,0.2,0.4,0.1,0.3,16.35088,51.57506,29.19794,14.5866,0.174116296
10000000,220,0.25,0.25,0.25,0.25,15.91696,25.17072,56.03992,9.50042,0.175468791
10000000,220,0.25,0.2,0.25,0.3,14.64024,19.73046,57.59244,12.0457,0.15862682
10000000,220,0.28,0.22,0.3,0.2,15.98852,20.32234,62.6345,7.10446,0.169603647
10000000,220,0.3,0.2,0.1,0.4,22.67098,28.0727,33.61356,23.13488,0.141427661
10000000,220,0.3,0.3,0.2,0.2,19.61118,32.8304,49.59344,8.15104,0.164182946
10000000,220,0.33,0.33,0.2,0.14,21.64138,36.45946,48.50906,5.97772,0.165720358
10000000,220,0.33,0.17,0.3,0.2,18.8222,16.24708,63.90308,7.48498,0.164843767
10000000,220,0.4,0.1,0.15,0.35,28.49164,13.6601,47.06694,18.80526,0.141296765
10000000,220,0.4,0.1,0.3,0.2,22.10468,9.9047,66.6378,7.8569,0.153309891
10000000,240,0.1,0.2,0.3,0.4,4.90562,17.66404,60.39252,13.59502,0.151587614
10000000,240,0.1,0.1,0.2,0.6,5.06338,10.56362,51.69636,25.80202,0.124370284
10000000,240,0.15,0.35,0.2,0.3,8.71498,35.36434,46.28768,11.76854,0.156305196
10000000,240,0.15,0.3,0.35,0.2,7.31074,24.41066,62.63224,6.22272,0.167237341
10000000,240,0.2,0.1,0.3,0.4,9.49238,9.2975,63.34344,14.6854,0.139252532
10000000,240,0.22,0.28,0.25,0.25,11.76806,26.97902,53.99012,9.4964,0.152701182
10000000,240,0.2,0.4,0.1,0.3,14.7363,49.77374,28.21868,14.71202,0.161702373
10000000,240,0.25,0.25,0.25,0.25,14.07102,24.92642,54.77422,9.41902,0.157889067
10000000,240,0.25,0.2,0.25,0.3,13.81512,20.099,56.24998,11.53922,0.151831613
10000000,240,0.28,0.22,0.3,0.2,13.9839,20.20386,61.21942,7.07386,0.150760818
10000000,240,0.3,0.2,0.1,0.4,21.10364,27.82938,32.46664,22.6483,0.135166918
10000000,240,0.3,0.3,0.2,0.2,18.00884,32.13846,47.7909,8.49656,0.154489955
10000000,240,0.33,0.33,0.2,0.14,19.19194,35.59644,47.56392,5.83772,0.150127919
10000000,240,0.33,0.17,0.3,0.2,16.09094,15.83028,63.11728,7.35764,0.143287245
10000000,240,0.4,0.1,0.15,0.35,25.80166,13.44098,45.84666,18.89668,0.130563385
10000000,240,0.4,0.1,0.3,0.2,19.51784,9.8187,65.5557,7.79814,0.137180356
10000000,260,0.1,0.2,0.3,0.4,4.63176,17.94388,58.64684,13.3383,0.145399243
10000000,260,0.1,0.1,0.2,0.6,5.1518,11.18196,50.133,25.11366,0.127412353
10000000,260,0.15,0.35,0.2,0.3,8.02954,35.11182,44.42228,11.84148,0.147913509
10000000,260,0.15,0.3,0.35,0.2,6.81384,24.66168,60.71728,6.06702,0.158820417
10000000,260,0.2,0.1,0.3,0.4,9.1004,9.4638,61.93334,14.28844,0.135099519
10000000,260,0.22,0.28,0.25,0.25,11.19172,27.1372,52.37076,9.2075,0.148213197
10000000,260,0.2,0.4,0.1,0.3,13.37446,49.34672,26.81482,14.44104,0.152102869
10000000,260,0.25,0.25,0.25,0.25,12.57522,24.48548,53.6454,9.31078,0.143812686
10000000,260,0.25,0.2,0.25,0.3,12.4065,20.0649,54.63734,11.52786,0.138891664
10000000,260,0.28,0.22,0.3,0.2,13.00596,20.24388,59.48588,7.12862,0.142507391
10000000,260,0.3,0.2,0.1,0.4,19.93596,27.38964,31.25246,22.31244,0.131524368
10000000,260,0.3,0.3,0.2,0.2,16.21084,31.86542,46.58136,8.42588,0.141732534
10000000,260,0.33,0.33,0.2,0.14,17.27412,34.61728,46.48784,6.02868,0.137606562
10000000,260,0.33,0.17,0.3,0.2,15.36972,16.06896,61.26432,7.36416,0.138798182
10000000,260,0.4,0.1,0.15,0.35,24.5002,13.501,44.59004,18.3415,0.126372753
10000000,260,0.4,0.1,0.3,0.2,17.66626,9.6959,64.53972,7.68292,0.126005404
10000000,280,0.1,0.2,0.3,0.4,4.31366,17.91928,57.07974,13.16622,0.137914542
10000000,280,0.1,0.1,0.2,0.6,5.1389,11.43636,48.18116,24.8508,0.12954533
10000000,280,0.15,0.35,0.2,0.3,7.5924,34.91784,42.59372,11.80364,0.143763057
10000000,280,0.15,0.3,0.35,0.2,6.12688,24.14244,59.39716,6.08526,0.145562396
10000000,280,0.2,0.1,0.3,0.4,9.15344,9.66134,60.04,14.11262,0.137841269
10000000,280,0.22,0.28,0.25,0.25,10.16058,26.59226,51.01296,9.27702,0.137399642
10000000,280,0.2,0.4,0.1,0.3,12.01176,47.91658,26.02994,14.29328,0.140411198
10000000,280,0.25,0.25,0.25,0.25,11.52496,24.40526,51.69608,9.57566,0.134516381
10000000,280,0.25,0.2,0.25,0.3,11.76376,19.85254,52.9297,11.50648,0.134698347
10000000,280,0.28,0.22,0.3,0.2,12.10752,20.13828,57.8151,7.14448,0.135138269
10000000,280,0.3,0.2,0.1,0.4,18.56084,26.9961,29.45178,22.29202,0.127505878
10000000,280,0.3,0.3,0.2,0.2,14.42818,31.19726,45.33346,8.5678,0.128766528
10000000,280,0.33,0.33,0.2,0.14,15.47734,33.752,45.57906,6.18414,0.125287743
10000000,280,0.33,0.17,0.3,0.2,14.17342,15.99358,59.73012,7.37314,0.130132648
10000000,280,0.4,0.1,0.15,0.35,22.57188,13.23514,42.75514,18.6966,0.119858024
10000000,280,0.4,0.1,0.3,0.2,16.88474,9.67046,62.6607,7.9317,0.12227093
10000000,300,0.1,0.2,0.3,0.4,4.32808,18.20042,54.91134,13.25728,0.140895772
10000000,300,0.1,0.1,0.2,0.6,5.18012,11.56744,46.30682,24.48756,0.133500987
10000000,300,0.15,0.35,0.2,0.3,6.99686,34.66944,40.9572,11.69848,0.136058257
10000000,300,0.15,0.3,0.35,0.2,5.80228,24.5063,57.40912,6.10448,0.140031891
10000000,300,0.2,0.1,0.3,0.4,8.79056,9.7505,58.18292,14.12196,0.134513851
10000000,300,0.22,0.28,0.25,0.25,9.61002,26.58148,49.02898,9.38498,0.132937549
10000000,300,0.2,0.4,0.1,0.3,10.94722,46.69524,24.7465,14.55614,0.132621697
10000000,300,0.25,0.25,0.25,0.25,10.73412,24.11482,50.08518,9.58766,0.128110989
10000000,300,0.25,0.2,0.25,0.3,11.06346,19.87552,51.08094,11.5454,0.129326847
10000000,300,0.28,0.22,0.3,0.2,10.86668,19.76204,56.39594,7.3558,0.123364414
10000000,300,0.3,0.2,0.1,0.4,17.55256,26.53624,28.11594,22.13534,0.124704089
10000000,300,0.3,0.3,0.2,0.2,13.25346,30.9206,43.73302,8.6749,0.121000273
10000000,300,0.33,0.33,0.2,0.14,13.78054,33.01036,44.35916,6.45632,0.113493463
10000000,300,0.33,0.17,0.3,0.2,13.0474,15.75598,58.00192,7.71666,0.121802015
10000000,300,0.4,0.1,0.15,0.35,21.07474,12.75612,41.02276,19.09936,0.115638752
10000000,300,0.4,0.1,0.3,0.2,15.69362,9.62182,60.90852,8.11206,0.115459839
10000000,320,0.1,0.2,0.3,0.4,4.16096,18.2323,53.07968,13.19646,0.138198886
10000000,320,0.1,0.1,0.2,0.6,4.98106,11.27098,44.0941,24.69096,0.133065336
10000000,320,0.15,0.35,0.2,0.3,6.56658,33.89444,39.3586,11.82858,0.131438253
10000000,320,0.15,0.3,0.35,0.2,5.48928,24.20914,55.60342,6.2744,0.135069513
10000000,320,0.2,0.1,0.3,0.4,8.48018,9.64052,55.8616,14.32344,0.133160654
10000000,320,0.22,0.28,0.25,0.25,8.88406,25.90522,47.45628,9.66272,0.125803006
10000000,320,0.2,0.4,0.1,0.3,9.94892,45.2689,23.75238,14.7372,0.124417472
10000000,320,0.25,0.25,0.25,0.25,10.09536,23.60064,48.38908,9.86054,0.123339376
10000000,320,0.25,0.2,0.25,0.3,10.53652,19.3961,48.93688,12.02336,0.126638625
10000000,320,0.28,0.22,0.3,0.2,10.38866,19.61112,54.42556,7.47332,0.120490918
10000000,320,0.3,0.2,0.1,0.4,16.05496,25.55798,26.89238,22.31022,0.118271392
10000000,320,0.3,0.3,0.2,0.2,11.87808,29.7089,42.4232,9.34994,0.110628982
10000000,320,0.33,0.33,0.2,0.14,12.14266,31.80768,43.4093,6.93606,0.101372733
10000000,320,0.33,0.17,0.3,0.2,11.91464,15.3269,56.43142,8.00952,0.113426864
10000000,320,0.4,0.1,0.15,0.35,19.15588,12.1341,38.96104,19.91274,0.109343503
10000000,320,0.4,0.1,0.3,0.2,13.86274,9.24254,59.44346,8.57126,0.103941478
10000000,340,0.1,0.2,0.3,0.4,4.07554,18.04438,50.63202,13.50018,0.139217734
10000000,340,0.1,0.1,0.2,0.6,4.94886,11.1026,41.53354,24.83796,0.13743386
10000000,340,0.15,0.35,0.2,0.3,6.18682,33.0442,37.77044,12.05236,0.12752173
10000000,340,0.15,0.3,0.35,0.2,5.06102,23.58688,53.9516,6.50154,0.127187801
10000000,340,0.2,0.1,0.3,0.4,8.07526,9.41008,53.74398,14.51662,0.130440127
10000000,340,0.22,0.28,0.25,0.25,8.1043,25.26794,45.65,10.05188,0.11767356
10000000,340,0.2,0.4,0.1,0.3,8.88698,43.08732,22.85922,15.37252,0.114655255
10000000,340,0.25,0.25,0.25,0.25,9.0475,22.61506,46.80304,10.30558,0.11348573
10000000,340,0.25,0.2,0.25,0.3,9.6088,18.69952,47.30934,12.33048,0.118687032
10000000,340,0.28,0.22,0.3,0.2,9.21984,18.69992,53.08456,8.0243,0.109007965
10000000,340,0.3,0.2,0.1,0.4,14.48794,24.14828,25.37014,22.9948,0.111807829
10000000,340,0.3,0.3,0.2,0.2,10.37356,28.06104,41.47672,9.95722,0.098596785
10000000,340,0.33,0.33,0.2,0.14,10.12088,29.86204,42.76194,7.76278,0.085251995
10000000,340,0.33,0.17,0.3,0.2,10.61712,14.71668,54.94554,8.47976,0.103079464
10000000,340,0.4,0.1,0.15,0.35,17.12814,11.60732,37.56176,20.41144,0.10080041
10000000,340,0.4,0.1,0.3,0.2,12.2928,8.8081,57.64234,9.34594,0.093995497
10000000,360,0.1,0.2,0.3,0.4,3.80748,17.42916,48.3951,13.95186,0.134377323
10000000,360,0.1,0.1,0.2,0.6,4.70366,10.492,39.12094,25.1114,0.137382463
10000000,360,0.15,0.35,0.2,0.3,5.47142,31.41724,36.07768,12.74472,0.116673469
10000000,360,0.15,0.3,0.35,0.2,4.54368,22.71786,52.24642,6.85878,0.116821117
10000000,360,0.2,0.1,0.3,0.4,7.60214,9.01772,51.0785,15.09996,0.127471938
10000000,360,0.22,0.28,0.25,0.25,7.2024,23.87754,43.99862,10.69904,0.107667457
10000000,360,0.2,0.4,0.1,0.3,7.7627,40.47224,21.7665,16.27362,0.10403226
10000000,360,0.25,0.25,0.25,0.25,8.01826,21.3994,45.14638,10.97658,0.103431578
10000000,360,0.25,0.2,0.25,0.3,8.64746,17.75846,45.2865,13.02524,0.110385203
10000000,360,0.28,0.22,0.3,0.2,8.09054,17.7213,51.32672,8.61914,0.098036117
10000000,360,0.3,0.2,0.1,0.4,12.67322,22.38492,24.0946,23.83308,0.102421454
10000000,360,0.3,0.3,0.2,0.2,8.87858,26.20156,40.3543,10.75656,0.086310543
10000000,360,0.33,0.33,0.2,0.14,8.69734,28.26774,41.71184,8.39056,0.074418911
10000000,360,0.33,0.17,0.3,0.2,9.17134,13.7135,53.38086,9.18332,0.091264609
10000000,360,0.4,0.1,0.15,0.35,14.5245,10.508,35.43168,21.82634,0.089956781
10000000,360,0.4,0.1,0.3,0.2,10.52212,8.19884,56.04562,9.98222,0.082534657
10000000,380,0.1,0.2,0.3,0.4,3.55816,16.51816,46.27388,14.2405,0.130604243
10000000,380,0.1,0.1,0.2,0.6,4.4829,10.0626,36.8763,25.04324,0.137198215
10000000,380,0.15,0.35,0.2,0.3,4.85206,29.42016,34.80378,13.30822,0.106954644
10000000,380,0.15,0.3,0.35,0.2,4.00022,21.39668,50.40938,7.36412,0.105754723
10000000,380,0.2,0.1,0.3,0.4,6.89532,8.43556,48.50216,15.70756,0.120844015
10000000,380,0.22,0.28,0.25,0.25,6.25628,22.16428,42.54096,11.4009,0.096423091
10000000,380,0.2,0.4,0.1,0.3,6.71624,37.5528,20.83276,17.22366,0.093379211
10000000,380,0.25,0.25,0.25,0.25,7.00594,19.96382,43.3377,11.79494,0.093292547
10000000,380,0.25,0.2,0.25,0.3,7.57278,16.58474,43.36058,13.70756,0.1002825
10000000,380,0.28,0.22,0.3,0.2,7.07378,16.46468,49.57262,9.28584,0.088176456
10000000,380,0.3,0.2,0.1,0.4,11.11586,20.4123,22.5368,24.83784,0.095123425
10000000,380,0.3,0.3,0.2,0.2,7.89922,24.6649,38.7532,11.39758,0.07907834
10000000,380,0.33,0.33,0.2,0.14,8.04122,26.74184,39.96712,8.7585,0.070952385
10000000,380,0.33,0.17,0.3,0.2,8.17836,12.8955,51.08138,9.84904,0.083903958
10000000,380,0.4,0.1,0.15,0.35,12.62014,9.69338,33.37336,22.69858,0.082103368
10000000,380,0.4,0.1,0.3,0.2,9.4969,7.64158,53.52824,10.62048,0.077098828
10000000,400,0.1,0.2,0.3,0.4,3.19686,15.40962,43.57484,14.91988,0.123146905
10000000,400,0.1,0.1,0.2,0.6,4.06256,9.29334,34.23748,25.52336,0.132477778
10000000,400,0.15,0.35,0.2,0.3,4.32022,27.38752,32.89234,14.1031,0.099410668
10000000,400,0.15,0.3,0.35,0.2,3.60958,20.02292,48.4235,7.90104,0.098380033
10000000,400,0.2,0.1,0.3,0.4,6.09092,7.7728,45.85896,16.35272,0.112182795
10000000,400,0.22,0.28,0.25,0.25,5.62804,20.7189,40.40206,12.01568,0.090183198
10000000,400,0.2,0.4,0.1,0.3,5.83512,34.65044,19.81618,17.9425,0.084666044
10000000,400,0.25,0.25,0.25,0.25,6.26902,18.63718,41.22238,12.31614,0.086857765
10000000,400,0.25,0.2,0.25,0.3,6.70168,15.20196,41.06838,14.49458,0.092885833
10000000,400,0.28,0.22,0.3,0.2,6.53774,15.38186,47.26336,9.7156,0.084585802
10000000,400,0.3,0.2,0.1,0.4,9.51146,18.73266,21.1126,25.52956,0.086011208
10000000,400,0.3,0.3,0.2,0.2,7.41134,23.3615,36.54966,11.69852,0.077416151
10000000,400,0.33,0.33,0.2,0.14,7.84718,25.58512,37.67462,8.80222,0.072326684
10000000,400,0.33,0.17,0.3,0.2,7.59312,12.15076,48.76498,10.08212,0.080895131
10000000,400,0.4,0.1,0.15,0.35,11.36346,8.91306,31.31266,23.03734,0.078109552
10000000,400,0.4,0.1,0.3,0.2,9.03396,7.2636,50.68866,10.84618,0.076344416
